//ModelSpace,Gui,Type,SubType,Description,Name,Code,Unit,Model Default Unit,Type,Defaults,Delegate,Category,Input,Description Code,Condition,WE,Warning
1,Block,*,*,Block Name,Name,id,!,!,string,!,TextBox,Geometry,Input,100001,,,
1,Block,*,*,Block Type,Type,!,!,!,string,populate at runtime; Type,ComboBox,Geometry,Select,100002,,,
1,Block,*,*,Default  Values Template,SubType,!,!,!,string,populate at runtime; SubType,ComboBox,Geometry,Select,100003,,,
1,Connector,*,*,Connector Name,Name,id,!,!,string,!,TextBox,Geometry,Input,100004,,,
1,Connector,*,*,Connector Type,Type,!,!,!,string,populate at runtime; Type,ComboBox,Geometry,Select,100005,,,
1,Block,Soil,*,!,Bottom Area,a,m~^2;ft~^2,m~^2,float+Estimate,0,UnitBox,Geometry,Input,100006,>0,E,Area must be greater than zero
1,Block,Catchment,Catchment,!,Area,a,m~^2;ft~^2,m~^2,float+Estimate,0,UnitBox,Geometry,Input,100006,>0,E,Area must be greater than zero
1,Block,Darcy,Darcy,!,Bottom Area,a,m~^2;ft~^2,m~^2,float+Estimate,0,UnitBox,Geometry,Input,100006,>0,E,Area must be greater than zero
1,Block,Pond,Pond,!,Bottom Area,a,m~^2;ft~^2,m~^2,float+Estimate,0,UnitBox,Geometry,Input,100006,>0,E,Area must be greater than zero
1,Block,Storage,Storage,!,Bottom Area,a,m~^2;ft~^2,m~^2,float+Estimate,0,UnitBox,Geometry,Input,100006,>0,E,Area must be greater than zero
1,Block,Stream,Stream,!,Bottom Area,a,m~^2;ft~^2,m~^2,float+Estimate,1,UnitBox,Geometry,Input,100006,>0,E,Area must be greater than zero
1,Block,Catchment,Catchment,!,Bottom Elevation,z0,m;ft,m,float+Estimate,0,UnitBox,Material,Input,100013,,,
1,Block,Darcy,Darcy,!,Bottom Elevation,z0,m;ft,m,float+Estimate,0,UnitBox,Material,Input,100013,,,
1,Block,Pond,Pond,!,Bottom Elevation,z0,m;ft,m,float+Estimate,0,UnitBox,Geometry,Input,100013,,,
1,Block,Soil,*,!,Bottom elevation,z0,m;ft,m,float+Estimate,0,UnitBox,Material,Input,100013,,,
1,Block,Storage,Storage,!,Bottom Elevation,z0,m;ft,m,float+Estimate,0,UnitBox,Material,Input,100013,,,
1,Block,Stream,Stream,!,Bottom Elevation,z0,m;ft,m,float+Estimate,0,UnitBox,Geometry,Input,100013,,,
1,Block,*,*,!,Build-up,buildup,!,!,string,populate at runtime; blank+build-up,ComboBox,Global,Select,100018,,,
1,Block,*,*,!,Bulk Density,bd,kg/m~^3;g/cm~^3;lb/ft~^3,kg/m~^3,float+Estimate,1,UnitBox,Material,Input,100019,>=0,W,A non-negative bulk density should be provided if a sorbing constituent is present
1,Block,*,*,!,Constituent Initial Concentration,!,!,!,dialog,...; Constituent,PushButton,Initial State,Select,100020,,,
1,Block,Catchment,Catchment,!,Depression storage,depression,m;ft,m,float+Estimate,0,UnitBox,Material,Input,100021,>=0,E,depression depth must be non-negative
1,Block,Pond,Pond,!,Depression storage,depression,m;ft,m,float+Estimate,0,UnitBox,Material,Input,100021,>=0,E,depression depth must be non-negative
1,Block,*,*,!,External Flux,externalflux,!,!,string,populate at runtime;external flux,MultiComboBox,Global,Select,100023,,,
1,Block,Soil,Userdefined,!,Flow Expression,flow_expression,!,!,float+Estimate,!,UnitBox,Material,Input,100024,,,
1,Block,*,*,!,Head-Storage Relationship,h_s_expression,!,!,expression,!,TextBox,Global,Input,100025,,,
1,Block,*,*,!,Inflow time series,inflow,!,!,filename,populate at runtime; blank+Inflow,Browser;time series,Environment,Select,100026,inflow format,E,Inflow file format is invalid.
1,Block,Darcy,Darcy,!,Initial Moisture Content (~theta),Theta,!,!,float+Estimate,!,TextBox,Material,Input,100027,>=0;={theta_s},E;W,Moiture content must be non-negative;Moisture content is different than saturated moisture content for a Darcy block.
1,Block,Catchment,Catchment,!,Initial Water Depth,h0,m;ft,m,float+Estimate,0,UnitBox,Material,Input,100028,>=0,E,Initial water depth must be non-negative
1,Block,Pond,Pond,!,Initial water depth,h0,m;ft,m,float+Estimate,0,UnitBox,Geometry,Input,100028,>=0,E,Initial water depth must be non-negative
1,Block,Storage,Storage,!,Initial water depth,h0,m;ft,m,float+Estimate,0.01,UnitBox,Material,Input,100028,>0,E,Initial water depth must be positive
1,Block,Stream,Stream,!,Initial Water Depth,h0,m;ft,m,float+Estimate,!,UnitBox,Geometry,Input,100028,>=0,E,Initial water depth must be non-negative
1,Block,Soil,Userdefined,!,Length,d,m;ft,m,float+Estimate,0,UnitBox,Geometry,Input,100032,,,
1,Block,Darcy,Darcy,!,Depth,depth,m;ft,m,float+Estimate,0,UnitBox,Geometry,Input,100034,>0,E,Block depth must be greater than zero
1,Block,Soil,*,!,Depth,depth,m;ft,m,float,0,UnitBox,Geometry,Input,100037,>0,E,Block depth must be greater than zero
1,Block,Storage,Storage,!,Depth,depth,m;ft,m,float+Estimate,0,UnitBox,Geometry,Input,100038,>0,E,Block depth must be greater than zero
1,Block,Soil,*,!,Moisture Content (~theta),theta,!,!,float+Estimate,0.2,TextBox,Material,Input,100027,>=0;<1,E;W,Moiture content must be non-negative; Moisture content is greater than 1
1,Block,*,*,!,Particle Initial Concentration,!,!,!,dialog,...; Particle,PushButton,Initial State,Select,100040,,,
1,Block,Soil,*,!,Precipitation,precipitation,!,!,integer,No;Yes,ComboBox,Environment,Select,100041,,,
1,Block,Pond,*,!,Precipitation,precipitation,!,!,integer,Yes;No,ComboBox,Environment,Select,100041,,,
1,Block,Stream,*,!,Precipitation,precipitation,!,!,integer,Yes;No,ComboBox,Environment,Select,100041,,,
1,Block,Catchment,*,!,Precipitation,precipitation,!,!,integer,Yes;No,ComboBox,Environment,Select,100041,,,
1,Block,Storage,*,!,Precipitation,precipitation,!,!,integer,No;Yes,ComboBox,Environment,Select,100041,,,
1,Block,Darcy,*,!,Precipitation,precipitation,!,!,integer,No;Yes,ComboBox,Environment,Select,100041,,,
1,Block,Soil,Sand,!,Residual Moisture Content (~thetar),theta_r,!,!,float+Estimate,0.045,TextBox,Material,Input,100047,[0:{theta_s}),E,Residual moisure content must be between zero and ~thetas
1,Block,Soil,Sand,!,Saturated Hydraulic Conductivity,ks,m/day;cm/day;cm/s;mm/s;ft/day;in/day;in/s,m/day,float+Estimate,7.128,UnitBox,Material,Input,100048,!=0; >=0,W;E,Hydraulic conductivity is zero; Hydraulic conductivity must me non-negative
1,Block,Darcy,Darcy,!,Saturated Hydraulic Conductivity,ks,m/day;cm/day;cm/s;mm/s;ft/day;in/day;in/s,m/day,float+Estimate,1,UnitBox,Material,Input,100049,!=0; >=0,W;E,Hydraulic conductivity is zero; Hydraulic conductivity must me non-negative
1,Block,Storage,Storage,!,Saturated Hydraulic Conductivity (Ks),Ks,m/day;cm/day;cm/s;mm/s;ft/day;in/day;in/s,m/day,float+Estimate,1,TextBox,Material,Input,100049,!=0; >=0,W;E,Hydraulic conductivity is zero; Hydraulic conductivity must me non-negative
1,Block,Darcy,Darcy,!,Saturated Moisture Content (~thetas),Theta_s,!,!,float+Estimate,!,TextBox,Material,Input,100051,(0:1],E,Saturation moisure content must be between zero and one
1,Block,Pond,Pond,!,Saturated Moisture Content (~thetas),theta_s,!,!,float+Estimate,1,TextBox,Material,Input,100051,(0:1],E,Saturation moisure content must be between zero and one
1,Block,Soil,Sand,!,Saturated Moisture Content (~thetas),theta_s,!,!,float+Estimate,0.43,TextBox,Material,Input,100051,(0:1],E,Saturation moisure content must be between zero and one
1,Block,Storage,Storage,!,Saturated Moisture Content (~thetas),theta_s,!,!,float+Estimate,0.4,TextBox,Material,Input,100051,(0:1],E,Saturation moisure content must be between zero and one
1,Block,Stream,Stream,!,Saturated Moisture Content (~thetas),theta_s,!,!,float+Estimate,1,TextBox,Material,Input,100051,(0:1],E,Saturation moisure content must be between zero and one
1,Block,Soil,Sand,!,Van Genuchten ~alpha parameter,vg_alpha,1/m;1/cm;1/ft;1/in,1/m,float+Estimate,14.5,UnitBox,Material,Input,100056,>0,E,Van Genuchten ~alpha parameter must be positive
1,Block,Soil,*,!,Van Genuchten ~lambda parameter,lambda,!,!,float+Estimate,0.5,TextBox,Material,Input,100057,>=0,E,Van Genuchten ~lambda parameter must be non-negative
1,Block,Soil,Sand,!,Van Genuchten n parameter,vg_n,!,!,float+Estimate,2.68,TextBox,Material,Input,100058,>0,E,Van Genuchten n parameter must be positive
1,Block,*,*,!,Vapor Diffusion Coefficient,vapour_diffusion,m~^2/day; m~^2/s; cm~^2/s; cm~^2/day ,m~^2/day,float+Estimate,0,TextBox,Material,Input,100059,>=0,E,Vapor Diffusion Coefficient must be non-negative
1,Connector,Default,non-Porous,!,Flow Exponent,exponent,!,!,float+Estimate,!,TextBox,Geometry,Input,100061,,,
1,Connector,Default,non-Porous,!,Manning's roughness coefficient,nmanning,s/~^3~radicm,day/~^3~radicm,float+Estimate,!,UnitBox,Material,Input,100062,>0,E,Manning's roughness coefficient must be positive
1,Connector,Default,non-Porous,!,Width,width,m;cm;ft;in,m,float+Estimate,!,UnitBox,Geometry,Input,100063,!=0; >=0,W;E,Width is assigned to be zero; Width must be positive and non-zero
1,Connector,Default,non-Porous,!,Dam Elevation,dam,m;ft,m,float+Estimate,!,UnitBox,Geometry,Input,100064,,,
1,Connector,Default,Porous,!,Interface Area,a,m~^2;ft~^2,m~^2,float+Estimate,!,UnitBox,Geometry,Input,100065,>=0;!=0,E;W,Area must be greater than zero;Area will be assigned based on the connected blocks
1,Connector,Default,Porous,!,Saturated Hydraulic Conductivity,ks,m/day; cm/day;cm/s;mm/s;ft/day;in/day;in/s,m/day,float+Estimate,!,UnitBox,Material,Input,100066,>=0;!=0,E;W,Hydraulic conductivity must me non-negative;Saturated hydraulic conductivity will be assigned based on the connected blocks
1,Connector,Darcy,*,!,Area,a,m~^2;ft~^2,m~^2,float+Estimate,!,UnitBox,Geometry,Input,100067,>0,E,Area must be greater than zero
1,Connector,Normal Flow,*,!,Area,a,m~^2;ft~^2,m~^2,float+Estimate,!,UnitBox,Geometry,Input,100068,,,
1,Connector,Pipe,*,!,Diameter,diameter,m;cm;ft;in,m,float+Estimate,!,UnitBox,Geometry,Input,100069,>0,E,Pipe diameter must be greater than zero
1,Connector,*,*,!,Dispersion Expression,dispersion_expression,!,!,expression,!,TextBox,Material,Input,100070,>=0,E,
1,Connector,*,*,!,Dispersivity (~alpha),alpha,m;ft,m,float+Estimate,!,UnitBox,Material,Input,100071,>=0,E,Dispersivity must be non-negative
1,Connector,Pipe,*,!,Start Elevation,z1,m;ft,m,float+Estimate,!,UnitBox,Geometry,Input,100072,,,
1,Connector,Pipe,*,!,End Elevation,z2,m;ft,m,float+Estimate,!,UnitBox,Geometry,Input,100073,,,
1,Connector,Rating Curve,*,!,Exponent,rating_curve_coeff,!,!,float+Estimate,!,TextBox,Geometry,Input,100074,>=0,E,Exponent must be non-negative
1,Connector,Darcy,*,!,Flow Exponent,exponent,!,!,float+Estimate,!,TextBox,Geometry,Input,100075,,,
1,Connector,Normal Flow,*,!,Flow Exponent,exponent,!,!,float+Estimate,!,TextBox,Geometry,Input,100076,,,
1,Connector,Pipe,*,!,Hazen Williams roughness factor C,pipe_c,SI,SI,float+Estimate,100,UnitBox,Material,Input,100077,>=0,E,Hazen Williams roughness factor C must be non-negative
1,Connector,*,*,!,Length,d,m;ft,m,float+Estimate,!,UnitBox,Geometry,Input,100078,>0,E,Connector length must be greater than zero
1,Connector,Normal Flow,*,!,Manning's roughness coefficient,nmanning,s/~^3~radicm,day/~^3~radicm,float+Estimate,!,UnitBox,Material,Input,100079,>0,E,Manning's roughness coefficient must be positive
1,Connector,Darcy,*,!,Saturated hydraulic conductivity,ks,m/day;cm/day;cm/s;mm/s;ft/day;in/day;in/s,m/day,float+Estimate,!,UnitBox,Material,Input,100080,>=0,E,Hydraulic conductivity must me non-negative
1,Connector,*,*,!,Settling,settling,!,!,string,No;Yes,ComboBox,Geometry,Select,100081,,,
1,Connector,Normal Flow,*,!,Width,width,m;cm;ft;in,m,float+Estimate,!,UnitBox,Geometry,Input,100082,!=0; >=0,W;E,Width is assigned to be zero; Width must be non-negative
1,Connector,Userdefined,*,!,Area Expression,area_expression,m~^2;ft~^2,m~^2,expression,!,UnitBox,Geometry,Input,100083,,,
1,Connector,Userdefined,*,!,Flow Expression,flow_expression,!,!,expression,!,TextBox,Geometry,Input,100084,,,
1,Entity,Build-up,Build-up,!,Name,Name,!,!,string,!,TextBox,Global,Input,100085,,,
1,Entity,Constituent,Constituent,!,Name,Name,!,!,string,!,TextBox,Global,Input,100086,,,
1,Entity,External Flux,External Flux,!,Name,!,!,!,string,!,TextBox,Global,Input,100087,,,
1,Entity,Observation,Observation,!,Name,!,!,!,string, ,TextBox,Global,Input,100088,,,
1,Entity,Parameter,Parameter,!,Name,!,!,!,string,!,TextBox,Global,Input,100089,,,
1,Entity,Particle,Particle,!,Name,Name,!,!,string,!,TextBox,Global,Input,100090,,,
1,Entity,Reaction,Reaction,!,Name,name,!,!,string,!,TextBox,Global,Input,100091,,,
1,Entity,Reaction Parameter,Reaction Parameter,!,Name,Name,!,!,string,!,TextBox,Global,Input,100092,,,
1,Entity,Build-up,Build-up,!,Accumulation Rate,acc_rate,!,!,string,!,TextBox,Global,Input,100093,!=0; >=0,W;E,Accumulation rate is zero. No accumulation will occure.; Accumulation rate must be non-negative
1,Entity,Solver,Solver,!,Allow Negative Concentration,negative_concentration_allowed,!,!,integer,No;Yes,ComboBox,Global,Select,100094,,,
1,Entity,Precipitation,Precipitation,!,Apply Precipitation,NA,!,!,boolean,Yes; No,ComboBox,Global,Select,100095,,,
1,Entity,Parameter,Parameter,!,Apply to All Cases,applytoall,!,!,boolean,Yes;No,CheckBox,Global,Select,100096,,,
1,Entity,Particle,Particle,!,attachment efficiency,attachmenteff,!,!,float+Estimate,!,UnitBox,Material,Input,100097,>=0,E,attachment efficiency must be non-negative
1,Entity,Solver,Solver,!,Check Positive Definiteness,pos_def_limit,!,!,integer,No;Yes,ComboBox,Global,Select,100099,,,
1,Entity,External Flux,External Flux,!,Coefficient,coefficient,!,!,float+Estimate,!,TextBox,Global,Input,100100,>=0,E,The exchange coefficient must be non-negative
1,Entity,Particle,Particle,!,collection efficiency ,collectioneff,!,!,float+Estimate,!,UnitBox,Material,Input,100101,>=0,E,collection coefficient must be non-negative
1,Entity,Build-up,Build-up,!,Constituent,Constituent,!,!,string,populate at runtime; constituent+particle,ComboBox,Global,Select,100102,,,
1,Entity,External Flux,External Flux,!,Constituent,constituent,!,!,string,populate at runtime; constituent,ComboBox,Global,Select,100103,,,
1,Entity,Solver,Solver,!,Crank-Nicholson time weighting,w,!,!,float+Estimate,0.5,TextBox,Global,Input,100104,[0:1],E,Crank-Nicholson time weighting must be between 0 and 1
1,Entity,Particle,Particle,!,critical velocity for release,critvel,!,!,float+Estimate,!,UnitBox,Material,Input,100105,>=0,E,critical velocity must be non-negative
1,Entity,External Flux,External Flux,!,Depth Exponent,depth_exponent,!,!,float+Estimate,!,TextBox,Global,Input,100106,,,
1,Entity,Constituent,Constituent,!,diffusion coefficient,diffusion,!,!,float+Estimate,!,TextBox,Global,Input,100107,>=0,E,Diffusion coefficient must be non-negative
1,Entity,Particle,Particle,!,diffusion coefficient,diffusion,!,!,float+Estimate,!,UnitBox,Material,Input,100108,>=0,E,Diffusion coefficient must be non-negative
1,Entity,Particle,Particle,!,dispersivity,dispersivity,m; cm; ft; in,m,float+Estimate,!,UnitBox,Material,Input,100109,>=0,E,Dispersivity must be non-negative
1,Entity,Observation,Observation,!,Error Distribution,error_structure,!,!,string,Normal;Log-Normal,ComboBox,Global,Select,100110,,,
1,Entity,Constituent,Constituent,!,Exchange rate factor,exchange_rate_factor,!,!,expression,!,TextBox,Global,Input,100112,>=0,E,Exchange rate factor must be non-negative
1,Entity,Solver,Solver,!,Failure criteria number of interations,nr_failure_criteria,!,!,integer,200,TextBox,Global,Input,100113,>0,E,Failure criteria number of interations must be positive
1,Entity,Solver,Solver,!,Forward/Inverse Simulation,forward,!,!,string,Forward;Inverse,ComboBox,Global,Select,100114,,,
1,Entity,Global Settings,Global Settings,!,Initial time step,dt,day;hr;min;s,day,float+Estimate,0.01,UnitBox,Global,Input,100115,>0,E,Initial time step must be greater than zero
1,Entity,Particle,Particle,!,irreversible collection fraction,irrevcolfraction,!,!,float+Estimate,!,UnitBox,Material,Input,100116,[0:1],E,Irreversible collection fraction must be between 0 and 1
1,Entity,Solver,Solver,!,Jackobian matrix update interval,max_j_update_interval,!,!,integer,40,TextBox,Global,Input,100117,>=0,E,Jackobian matrix update interval must be non-negative
1,Entity,Observation,Observation,!,Location,id,!,!,string,populate at runtime;Block;Connector,ComboBox,Global,Select,100118,,,
1,Entity,Parameter,Parameter,!,Maximum Value,high,!,!,float,!,TextBox,Global,Input,100119,>{low},E,Upper limit must be larger than the lower limit
1,Entity,Particle,Particle,!,Medium bulk density,bulkdensity,!,!,float+Estimate,!,UnitBox,Material,Input,100120,>=0,W,A non-negative bulk density should be provided if a sorbing constituent is present
1,Entity,Parameter,Parameter,!,Minimum Value,low,!,!,float,!,TextBox,Global,Input,100121,,,
1,Entity,Build-up,Build-up,!,Model,Model,!,!,string,Linear;Exponential,ComboBox,Global,Select,100122,,,
1,Entity,External Flux,External Flux,!,Model,!,!,!,string,Soil; Free Surface; Constant Rate; Constant Influx,ComboBox,Global,Select,100123,,,
1,Entity,Particle,Particle,!,Model,Model,!,!,string,Single Phase; Dual Phase; Triple Phase,ComboBox,Global,Select,100124,,,
1,Entity,Solver,Solver,!,Newton-Raphson acceptance tolerance,tol,!,!,float+Estimate,0.001,TextBox,Global,Input,100125,>0,E,Newton-Raphson acceptance tolerance must be positive
1,Entity,Observation,Observation,!,Observed Data,observed_data,!,!,filename,!,Browser;time series,Global,Select,100126,,,
1,Entity,Particle,Particle,!,Partitioning coefficient to air-water interface,kair,!,!,float+Estimate,!,UnitBox,Material,Input,100127,>=0,E,Partitioning coefficient to air-water interface must be non-negative
1,Entity,Constituent,Constituent,!,Partitioning coefficient to soil,kd-1,!,!,float+Estimate,!,TextBox,Global,Input,100128,,,
1,Entity,Solver,Solver,!,Perform mass balance check,mass_balance_check,!,!,string,Yes;No,ComboBox,Global,Select,100129,,,
1,Entity,Solver,Solver,!,Perform particle transport simulation,colloid_transport,!,!,string,Yes;No,ComboBox,Global,Select,100130,,,
1,Entity,Solver,Solver,!,Perform water quality simulation,water_quality,!,!,string,Yes;No,ComboBox,Global,Select,100131,,,
1,Entity,Global Settings,Global Settings,!,Precipitation time series,precipitation,!,!,filename,.,Browser;precipitation,Global,Select,100132,,,
1,Entity,Solver,Solver,!,Prefered lower limit of NR iterations,nr_iteration_treshold_min,!,!,integer,20,TextBox,Global,Input,100133,>0,E,Prefered lower limit of NR iterations must be positive
1,Entity,Solver,Solver,!,Prefered upper limit of NR iterations,nr_iteration_treshold_max,!,!,integer,50,TextBox,Global,Input,100134,>0,E,Prefered upper limit of NR iterations must be positive
1,Entity,Parameter,Parameter,!,Prior Distribution,log,!,!,string,Normal;Log-Normal,ComboBox,Global,Select,100135,,,
1,Entity,Observation,Observation,!,Quantity,quan,!,!,string,q;v;A;h;S;Z0;Se;~theta;Particle...;Constituent...,ObservedComboBox,Global,Select,100136,,,
1,Entity,Reaction,Reaction,!,Rate,rate,!,!,string,!,reaction,Global,Input,100137,,,
1,Entity,Particle,Particle,!,release rate coefficient,releasecoeff,1/day; 1/s; 1/hr; 1/min,1/day,float+Estimate,!,UnitBox,Material,Input,100138,>=0,E,Release coefficient must 
1,Entity,Solver,Solver,!,Restore interval,restore_interval,!,!,integer,20,TextBox,Global,Input,100139,,,
1,Entity,Build-up,Build-up,!,Satuation,saturation,!,!,string,!,TextBox,Global,Input,100140,!=0; >=0,W;E,Saturation is zero; Saturation must be non-negative
1,Entity,External Flux,External Flux,!,Saturation,saturation,!,!,float+Estimate,!,TextBox,Global,Input,100141,!=0; >=0,W;E,Saturation is zero; Saturation must be non-negative
1,Entity,Particle,Particle,!,Saturation attachment concentration,gmax,!,!,float+Estimate,!,UnitBox,Material,Input,100142,>0,E,Saturation attachment concentration must be greater than zero
1,Entity,Particle,Particle,!,Settling Velocity,vs,!,!,float+Estimate,!,UnitBox,Material,Input,100143,>=0,E,settling velocity must be non-negative
1,Entity,Solver,Solver,!,Simulation Start time,time_min,!,!,datetime,0,TextBox,Global,Input,100144,,,
1,Entity,Solver,Solver,!,Simulation End time,time_max,!,!,datetime,1,TextBox,Global,Input,100145,>{time_min},E,Simulation End time must be greater than simulation start time
1,Entity,External Flux,External Flux,!,Solid,solid,!,!,string,populate at runtime; blank+particle,ComboBox,Global,Select,100146,,,
1,Entity,Solver,Solver,!,Solution Method,solution_method,!,!,integer,0,TextBox,Global,Input,100147,,,
1,Entity,Solver,Solver,!,Solution Oscillation tolerance,wiggle_tolerance,!,!,float+Estimate,0.01,TextBox,Global,Input,100148,>0;>=0.01,E;W,Solution Oscillation tolerance must be positive;Solution Oscillation tolerance less than 0.01 lead to more computational cost
1,Entity,Build-up,Build-up,!,Sorbed/Attached,sorb,!,!,boolean,Yes; No,ComboBox,Global,Select,100149,,,
1,Entity,Particle,Particle,!,specific surface area ,specsurfarea,1/m;1/cm;1/ft;1/in,1/m,float+Estimate,!,UnitBox,Material,Input,100150,>=0,E,Specific surface area must be non-negative
1,Entity,Observation,Observation,!,Standard deviation ID,std_no,!,!,integer,!,TextBox,Global,Input,100151,>=0,E,Standard deviation ID must be non-negative
1,Entity,Reaction Parameter,Reaction Parameter,!,Temperature correction factor (Arrhenius constant),temperature_correction,!,!,float+Estimate,1,TextBox,Global,Input,100152,>=0,E,Temperature correction factor must be non-negative
1,Entity,Solver,Solver,!,time step change coefficient in case of non-convergance,dt_change_failure,!,!,float+Estimate,0.1,TextBox,Global,Input,100153,(0:1),E,time step change coefficient in case of non-convergance must be greater than zero
1,Entity,Solver,Solver,!,time step change rate coefficient,dt_change_rate,!,!,float+Estimate,0.8,TextBox,Global,Input,100154,(0:1),E,time step change coefficient in case of non-convergance must be greater than zero
1,Entity,External Flux,External Flux,!,Transfer Rate Expression,expression,!,!,expression,!,TextBox,Global,Input,100155,,,
1,Entity,Solver,Solver,!,Uniform output export interval,uniformoutput,!,!,integer,Yes;No,ComboBox,Global,Select,100156,,,
1,Entity,Reaction Parameter,Reaction Parameter,!,Value,value,!,!,float+Estimate,0,TextBox,Global,Input,100157,,,
1,Entity,External Flux,External Flux,!,Velocity Exponent,velocity_exponent,!,!,float+Estimate,!,TextBox,Global,Input,100158,,,
1,Entity,Global Settings,Global Settings,!,Working Path,path,!,!,directory,.,DirBrowser,Global,Input,100159,,,
1,Entity,Solver,Solver,!,Write solution details,write_details,!,!,string,No;Yes,ComboBox,Global,Select,100160,,,
1,Block,Catchment,Catchment,!,Manning's roughness coefficient,nmanning,s/~^3~radicm,day/~^3~radicm,float+Estimate,!,UnitBox,Material,Input,100161,>0,W,Manning's roughness coefficient must be positive
1,Block,Stream,Stream,!,Manning's roughness coefficient,nmanning,s/~^3~radicm,day/~^3~radicm,float+Estimate,!,UnitBox,Material,Input,100162,>0,W,Manning's roughness coefficient must be positive
1,Block,Stream,Stream,!,Width,width,m;cm;ft;in,m,float+Estimate,!,UnitBox,Geometry,Input,100163,!=0; >=0,W;W,Width is assigned to be zero; Width must be positive and non-zero
1,Block,Catchment,Catchment,!,Dimension,width,m;ft,m,float,!,UnitBox,Geometry,Input,100164,>=0,E,Dimension must be non-negative
//1,Block,Soil,*,!,Light,light,!,!,integer,No;Yes,ComboBox,Environment,Select,100165,,,
1,Block,Pond,pond,!,Light,light,!,!,integer,Yes;No,ComboBox,Environment,Select,100166,,,
1,Block,Stream,Stream,!,Light,light,!,!,integer,Yes;No,ComboBox,Environment,Select,100167,,,
1,Block,Catchment,Catchment,!,Light,light,!,!,integer,Yes;No,ComboBox,Environment,Select,100168,,,
1,Block,Storage,Markov Chain Monte Carlo,!,Light,light,!,!,integer,No;Yes,ComboBox,Environment,Select,100169,,,
1,Block,Darcy,Markov Chain Monte Carlo,!,Light,light,!,!,integer,No;Yes,ComboBox,Environment,Select,100170,,,
//1,Block,Soil,*,!,Temperature,temperature,!,!,integer,No;Yes,ComboBox,Environment,Select,100171,,,
//1,Block,Pond,pond,!,Temperature,temperature,!,!,integer,Yes;No,ComboBox,Environment,Select,100172,,,
//1,Block,Stream,Stream,!,Temperature,temperature,!,!,integer,Yes;No,ComboBox,Environment,Select,100173,,,
//1,Block,Catchment,Catchment,!,Temperature,temperature,!,!,integer,Yes;No,ComboBox,Environment,Select,100174,,,
//1,Block,Storage,Genetic Algorithm,!,Temperature,temperature,!,!,integer,No;Yes,ComboBox,Environment,Select,100175,,,
//1,Block,Darcy,Genetic Algorithm,!,Temperature,temperature,!,!,integer,No;Yes,ComboBox,Environment,Select,100176,,,
1,Entity,Global Settings,Global Settings,!,Light,light,!,!,filename,.,Browser;time series,Global,Select,100177,,,
1,Entity,Global Settings,Global Settings,!,Humidity,humidity,!,!,filename,.,Browser;time series,Global,Select,100178,,,
1,Block,Soil,*,!,Storativitiy,storativitiy,1/m;1/cm;1/ft;1/in,1/m,float+Estimate,!,TextBox,Material,Input,100179,>=0,E,Storativitiy moisure content must be non-negative
1,Block,Darcy,Markov Chain Monte Carlo,!,Storativitiy,storativitiy,1/m;1/cm;1/ft;1/in,1/m,float+Estimate,!,TextBox,Material,Input,100180,>=0,E,Storativitiy moisure content must be non-negative
1,Connector,Rating Curve,*,!,Coefficient,rating_curve_power,!,!,float+Estimate,!,TextBox,Material,Input,100181,,,
1,Connector,Rating Curve,*,!,Datum,rating_curve_datum,!,!,float+Estimate,!,TextBox,Material,Input,100182,,,
1,Entity,Observation,Markov Chain Monte Carlo,!,Block/Connector,loc_type,!,!,string,Block;Connector,ComboBox,Global,Select,100183,,,
1,Entity,Parameter,Parameter,!,Value,value,!,!,float,!,TextBox,Global,Input,100184,,,
1,Entity,Genetic Algorithm,Markov Chain Monte Carlo,!,Name,Name,!,!,string,!,TextBox,Global,Input,100185,,,
1,Entity,Markov Chain Monte Carlo,Genetic Algorithm,!,Acceptance rate parameter for MCMC sampling,stucklimit                 ,!,!,integer,20,TextBox,Global,Input,100186,>10,E,Acceptance rate parameter must be greater than 10
1,Entity,Markov Chain Monte Carlo,Markov Chain Monte Carlo,!,Add noise to output realizations,noise_realization_writeout ,!,!,string,No;Yes,ComboBox,Global,Select,100187,,,
1,Entity,Markov Chain Monte Carlo,Markov Chain Monte Carlo,!,Calculate posterior correlation,calculate_correlation      ,!,!,string,Yes;No,ComboBox,Global,Select,100188,,,
1,Entity,Markov Chain Monte Carlo,Markov Chain Monte Carlo,!,Calculate posterior distributions,calc_distributions         ,!,!,string,Yes;No,ComboBox,Global,Select,100189,,,
1,Entity,Markov Chain Monte Carlo,Markov Chain Monte Carlo,!,Calculate posterior percentiles,calculate_percentile       ,!,!,bool,Yes;No,ComboBox,Global,Select,100190,,,
1,Entity,Markov Chain Monte Carlo,Genetic Algorithm,!,Calculate realization percentiles,calc_output_percentiles    ,!,!,string+estimates,0.025:0.50:0.975,TextBox,Global,Input,100191,,,
1,Entity,Markov Chain Monte Carlo,Markov Chain Monte Carlo,!,Continue MCMC sampling,continuemcmc               ,!,!,string,No;Yes,ComboBox,Global,Select,100192,,,
1,Entity,Genetic Algorithm,Genetic Algorithm,!,Cross-over probability,pcross                     ,!,!,float+Estimate,1,TextBox,Global,Input,100193,(0:1],E,Cross-over probability must be between 0 and 1 and non-zero
1,Entity,Genetic Algorithm,Genetic Algorithm,!,GA output file,outputfile                 ,!,!,filename,./GAout.txt,Browser,Global,Input,100194,not empty,W,GA output file is not defined.
1,Entity,Genetic Algorithm,Genetic Algorithm,!,Generate output realizations,mcmc_realization           ,!,!,string,Yes;No,ComboBox,Global,Select,100195,,,
1,Entity,Genetic Algorithm,Markov Chain Monte Carlo,!,initial GA population,initial_population         ,!,!,filename,!,TextBox,Global,Select,100196,not empty,W,initial GA population input file is not defined.
1,Entity,Genetic Algorithm,Markov Chain Monte Carlo,!,Initial purturbation,noinipurt                  ,!,!,string,Yes;No,ComboBox,Global,Select,100197,,,
1,Entity,Markov Chain Monte Carlo,Genetic Algorithm,!,MCMC burn-out  number,burnout                    ,!,!,integer,0,TextBox,Global,Input,100198,>=0;<{nmcmcsamples},E;E,burn-out must be non-negative;burn-out must be less than number of MCMC samples
1,Entity,Markov Chain Monte Carlo,Genetic Algorithm,!,MCMC number of chains,nchains                    ,!,!,integer,8,TextBox,Global,Input,100199,>0;<{nmcmcsamples},E;E,Number of chains must be a positive number;Number of chains must be less than number of MCMC samples
1,Entity,Markov Chain Monte Carlo,Genetic Algorithm,!,MCMC data file,mcmcoutputfile             ,!,!,filename,./mcmcoutput.txt,Browser,Global,Input,100200,not empty,W,MCMC output file is not defined.
1,Entity,Markov Chain Monte Carlo,Markov Chain Monte Carlo,!,MCMC purturbation reduction scale,purtscale                  ,!,!,float,0.75,TextBox,Global,Input,100201,(0:1),E,MCMC purturbation reduction scale must be between 0 and 1
1,Entity,Markov Chain Monte Carlo,*,!,MCMC purturbation scale reduction factor,purtfac                    ,!,!,float+Estimate,0.05,TextBox,Global,Input,100202,>0,E,Purturbation factor must be positive
1,Entity,Markov Chain Monte Carlo,*,!,MCMC sample output interval,writeinterval              ,!,!,integer,1,TextBox,Global,Input,100203,>0,E,MCMC sample output interval must be greater than 0
1,Entity,Genetic Algorithm,*,!,Mutation probability,pmute                      ,!,!,float+Estimate,0.008,TextBox,Global,Input,100204,(0:0.01],E,Mutation probability must be between 0 and 0.01
1,Entity,Markov Chain Monte Carlo,*,!,Number of bins used for calculating posterior distributions,no_bins                    ,!,!,integer,20,TextBox,Global,Input,100205,>0,E,Number of bins must be positive integer
1,Entity,Genetic Algorithm,*,!,Number of Generations,ngen                       ,!,!,integer,50,TextBox,Global,Input,100206,>0,E,Number of generations must be a postive integer
1,Entity,Markov Chain Monte Carlo,*,!,Number of MCMC samples,nmcmcsamples               ,!,!,integer,500,TextBox,Global,Input,100207,>0,E,Number of MCMC samples must be positive integer
1,Entity,Markov Chain Monte Carlo,*,!,number of realization for MCMC post-processing,nrealizations              ,!,!,integer,100,TextBox,Global,Input,100208,>0,E,number of realization for MCMC post-processing must be positive
1,Entity,Markov Chain Monte Carlo,*,!,Only read the MCMC outputs from file,justreadmcmc               ,!,!,string,No;Yes,ComboBox,Global,Select,100209,,,
1,Entity,Markov Chain Monte Carlo,*,!,Perform global sensitivity analysis,global_sensitivity         ,!,!,string,No;Yes,ComboBox,Global,Select,100210,,,
1,Entity,Genetic Algorithm,*,!,Perform local sensitivity analysis,calculate_sensitivity      ,!,!,string,No;Yes,ComboBox,Global,Select,100211,,,
1,Entity,Markov Chain Monte Carlo,*,!,Perform MCMC simulation,mcmc_run                   ,!,!,string,Yes;No,ComboBox,Global,Select,100212,,,
1,Entity,Genetic Algorithm,*,!,Population,maxpop                     ,!,!,integer,40,TextBox,Global,Input,100213,>1,E,Population must be greater than equal to two and an even number
1,Entity,Genetic Algorithm,*,!,Read GA analysis from file,readfromgafile             ,!,!,filename,!,Browser,Global,Select,100214,not empty,W,GA input file is not defined.
1,Entity,Genetic Algorithm,*,!,Save realization outputs in a file,obs_realization_writeout   ,!,!,string,Yes;No,ComboBox,Global,Select,100215,,,
1,Entity,Markov Chain Monte Carlo,*,!,Sensititivy-based purturbation factor,sensbasedpurt              ,!,!,string,No;Yes,ComboBox,Global,Select,100216,,,
1,Entity,Markov Chain Monte Carlo,*,!,Sensitivity purturbation factor,dp_sensitivity             ,!,!,float+Estimate,0.001,TextBox,Global,Input,100217,>0,E,Sensitivity purturbation factor must be greater than zero
1,Entity,Genetic Algorithm,*,!,Shake-scale,shakescale                 ,!,!,float+Estimate,0.05,TextBox,Global,Input,100218,>=0,E,Shake-scale must be non-negative
1,Entity,Genetic Algorithm,*,!,shake-scale reduction factor,shakescalered              ,!,!,float+Estimate,0.2,TextBox,Global,Input,100219,(0:1),E,Shake-scale reduction factor must be between 0 and 1
1,Entity,Genetic Algorithm,*,!,Number of Threads,number_of_threads,!,!,integer,16,TextBox,Global,Input,100220,>0,E,Number of threads should be positive
1,Entity,Markov Chain Monte Carlo,*,!,Realized parameters Output File,realizedparam,!,!,string,!,Browser,Global,Input,100221,,,
1,Entity,Evapotranspiration,*,!,Name,!,!,!,string,!,TextBox,Global,Input,100222,,,
1,Entity,Evapotranspiration,*,Default  Values Template,SubType,!,!,!,string,populate at runtime; SubType,ComboBox,Geometry,Select,100224,,,
1,Entity,Evapotranspiration,*,!,Rate Expression,expression,!,!,expression,!,TextBox,Global,Select,100225,,,
1,Entity,Evapotranspiration,Time Series,!,Time Series,time_series,!,!,filename,!,Browser;time series,Global,Select,100226,,,
1,Entity,Evapotranspiration,Time Series,!,Uptake Constituents,uptake_constituents,!,!,string,No;Yes,ComboBox,Global,Select,100227,,,
1,Entity,Evapotranspiration,Aerodynamic,!,Uptake Constituents,uptake_constituents,!,!,string,No;Yes,ComboBox,Global,Select,100228,,,
1,Entity,Evapotranspiration,Transpiration Based on Moisture Content,!,Uptake Constituents,uptake_constituents,!,!,string,Yes;No,ComboBox,Global,Select,100229,,,
1,Entity,Evapotranspiration,Transpiration Based on Matric Potential,!,Uptake Constituents,uptake_constituents,!,!,string,Yes;No,ComboBox,Global,Select,100230,,,
1,Entity,Evapotranspiration,Priestley-Taylor,!,Uptake Constituents,uptake_constituents,!,!,string,No;Yes,ComboBox,Global,Select,100231,,,
1,Entity,Evapotranspiration,Combined,!,Uptake Constituents,uptake_constituents,!,!,string,No;Yes,ComboBox,Global,Select,100232,,,
1,Entity,Evapotranspiration,Aerodynamic,!,Coefficient,coefficient,!,!,float+Estimate,!,TextBox,Global,Input,100233,!=0;>0,W;E,Coefficient is zero;Coefficient must be non-negative
1,Entity,Evapotranspiration,Transpiration Based on Moisture Content,!,Coefficient,coefficient,!,!,float+Estimate,!,TextBox,Global,Input,100234,!=0;>0,W;E,Coefficient is zero;Coefficient must be non-negative
1,Entity,Evapotranspiration,Transpiration Based on Matric Potential,!,Coefficient,coefficient,!,!,float+Estimate,!,TextBox,Global,Input,100235,!=0;>0,W;E,Coefficient is zero;Coefficient must be non-negative
1,Entity,Evapotranspiration,Transpiration Based on Moisture Content,!,wilting_point_water_content,wilting_point_water_content,!,!,float+Estimate,!,TextBox,Global,Input,100236,(0:1),E,Wilting point should be between zero and one
1,Entity,Evapotranspiration,Transpiration Based on Moisture Content,!,field_capacity_moisture,field_capacity_moisture,!,!,float+Estimate,!,TextBox,Global,Input,100237,(0:1),E,Field Capacity should be between zero and one
1,Entity,Evapotranspiration,Transpiration Based on Matric Potential,!,wilting_point_matric_potential,wilting_point_matric_potential,!,!,float+Estimate,!,TextBox,Global,Input,100238,<0,E,Wilting point should be between zero and one
1,Entity,Evapotranspiration,Transpiration Based on Matric Potential,!,field_capacity_matric_potential,field_capacity_matric_potential,!,!,float+Estimate,!,TextBox,Global,Input,100239,<0,E,Field Capacity should be between zero and one
//1,Entity,Global Settings,Global Settings,!,Temperature,temperature,!,!,filename,.,Browser;time series,Global,Select,100240,,,
1,Entity,Global Settings,Global Settings,!,Wind,wind,!,!,filename,.,Browser;time series,Global,Select,100241,,,
1,Block,*,*,!,Evapotranspiration,evapotranspiration,!,!,string,populate at runtime;blank+evapotranspiration,ComboBox,Global,Select,100242,,,
1,Block,Soil,*,!,Light,light,!,!,integer,No;Yes,ComboBox,Environment,Select,100243,,,
1,Block,Pond,*,!,Light,light,!,!,integer,Yes;No,ComboBox,Environment,Select,100244,,,
1,Block,Stream,*,!,Light,light,!,!,integer,Yes;No,ComboBox,Environment,Select,100245,,,
1,Block,Catchment,*,!,Light,light,!,!,integer,Yes;No,ComboBox,Environment,Select,100246,,,
1,Block,Storage,*,!,Light,light,!,!,integer,No;Yes,ComboBox,Environment,Select,100247,,,
1,Block,Darcy,*,!,Light,light,!,!,integer,No;Yes,ComboBox,Environment,Select,,,,
//1,Block,*,*,!,Temperature,temperature,!,!,integer,Yes;No,ComboBox,Environment,Select,,,,
1,Entity,Constituent,Constituent,!,Settling Velocity,vs,!,!,float+Estimate,!,UnitBox,Material,Input,,>=0,E,settling velocity must be non-negative
1,Connector,*,*,!,Use Prescribed Flow,presc_flow,!,!,string,No;Yes,ComboBox,Geometry,Select,,,,
1,Connector,*,*,!,Prescribed Flow Time Series,pre_flow_filename,!,!,filename,.,Browser;time series,Geometry,Select,,,,
//1,Block,Catchment,Catchment,!,Maximum Depth,depth,m;ft,m,float+Estimate,0,UnitBox,Geometry,Input,,>0,E,Block depth must be greater than zero
//1,Block,Stream,Stream,!,Maximum Depth,depth,m;ft,m,float+Estimate,0,UnitBox,Geometry,Input,,>0,E,Block depth must be greater than zero
//1,Block,Pond,Pond,!,Maximum Height,depth,m;ft,m,float+Estimate,0,UnitBox,Geometry,Input,,>0,E,Block depth must be greater than zero
//1,Connector,Default,non-Porous,!,Area,a,m~^2;ft~^2,m~^2,float+Estimate,!,UnitBox,Geometry,Input,,,,
//1,Entity,Observation,Observation,!,Block/Connector,loc_type,!,!,string,Block;Connector,MultiComboBox,Global,Select,,,,
//1,Entity,Global Settings,Global Settings,!,Evaporation time series,evaporation,!,!,directory,!,Browser;time series,Global,Input,,,,
//1,Entity,Evapotranspiration,*,!,Model,model,!,!,string,Aerodynamic; Time Series; Transpiration Based on Moisture Content; Transpiration Based on Matric Potential,ComboBox,Global,Select,,,,
1,Block,Soil,Loamy Sand,!,Residual Moisture Content (~thetar),theta_r,!,!,float+Estimate,0.057,TextBox,Material,Input,,[0:{theta_s}),E,Residual moisure content must be between zero and ~thetas
1,Block,Soil,Loamy Sand,!,Saturated Hydraulic Conductivity,ks,m/day;cm/day;cm/s;mm/s;ft/day;in/day;in/s,m/day,float+Estimate,3.5016,UnitBox,Material,Input,,!=0; >=0,W;E,Hydraulic conductivity is zero; Hydraulic conductivity must me non-negative
1,Block,Soil,Loamy Sand,!,Saturated Moisture Content (~thetas),theta_s,!,!,float+Estimate,0.41,TextBox,Material,Input,,(0:1],E,Saturation moisure content must be between zero and one
1,Block,Soil,Loamy Sand,!,Van Genuchten ~alpha parameter,vg_alpha,1/m;1/cm;1/ft;1/in,1/m,float+Estimate,12.4,UnitBox,Material,Input,,>0,E,Van Genuchten ~alpha parameter must be positive
1,Block,Soil,Loamy Sand,!,Van Genuchten n parameter,vg_n,!,!,float+Estimate,2.28,TextBox,Material,Input,,>0,E,Van Genuchten n parameter must be positive
1,Block,Soil,Sandy Loam,!,Residual Moisture Content (~thetar),theta_r,!,!,float+Estimate,0.065,TextBox,Material,Input,,[0:{theta_s}),E,Residual moisure content must be between zero and ~thetas
1,Block,Soil,Sandy Loam,!,Saturated Hydraulic Conductivity,ks,m/day;cm/day;cm/s;mm/s;ft/day;in/day;in/s,m/day,float+Estimate,1.0608,UnitBox,Material,Input,,!=0; >=0,W;E,Hydraulic conductivity is zero; Hydraulic conductivity must me non-negative
1,Block,Soil,Sandy Loam,!,Saturated Moisture Content (~thetas),theta_s,!,!,float+Estimate,0.41,TextBox,Material,Input,,(0:1],E,Saturation moisure content must be between zero and one
1,Block,Soil,Sandy Loam,!,Van Genuchten ~alpha parameter,vg_alpha,1/m;1/cm;1/ft;1/in,1/m,float+Estimate,7.5,UnitBox,Material,Input,,>0,E,Van Genuchten ~alpha parameter must be positive
1,Block,Soil,Sandy Loam,!,Van Genuchten n parameter,vg_n,!,!,float+Estimate,1.89,TextBox,Material,Input,,>0,E,Van Genuchten n parameter must be positive
1,Block,Soil,Loam,!,Residual Moisture Content (~thetar),theta_r,!,!,float+Estimate,0.078,TextBox,Material,Input,,[0:{theta_s}),E,Residual moisure content must be between zero and ~thetas
1,Block,Soil,Loam,!,Saturated Hydraulic Conductivity,ks,m/day;cm/day;cm/s;mm/s;ft/day;in/day;in/s,m/day,float+Estimate,0.2496,UnitBox,Material,Input,,!=0; >=0,W;E,Hydraulic conductivity is zero; Hydraulic conductivity must me non-negative
1,Block,Soil,Loam,!,Saturated Moisture Content (~thetas),theta_s,!,!,float+Estimate,0.43,TextBox,Material,Input,,(0:1],E,Saturation moisure content must be between zero and one
1,Block,Soil,Loam,!,Van Genuchten ~alpha parameter,vg_alpha,1/m;1/cm;1/ft;1/in,1/m,float+Estimate,3.6,UnitBox,Material,Input,,>0,E,Van Genuchten ~alpha parameter must be positive
1,Block,Soil,Loam,!,Van Genuchten n parameter,vg_n,!,!,float+Estimate,1.56,TextBox,Material,Input,,>0,E,Van Genuchten n parameter must be positive
1,Block,Soil,Silt,!,Residual Moisture Content (~thetar),theta_r,!,!,float+Estimate,0.034,TextBox,Material,Input,,[0:{theta_s}),E,Residual moisure content must be between zero and ~thetas
1,Block,Soil,Silt,!,Saturated Hydraulic Conductivity,ks,m/day;cm/day;cm/s;mm/s;ft/day;in/day;in/s,m/day,float+Estimate,0.06,UnitBox,Material,Input,,!=0; >=0,W;E,Hydraulic conductivity is zero; Hydraulic conductivity must me non-negative
1,Block,Soil,Silt,!,Saturated Moisture Content (~thetas),theta_s,!,!,float+Estimate,0.46,TextBox,Material,Input,,(0:1],E,Saturation moisure content must be between zero and one
1,Block,Soil,Silt,!,Van Genuchten ~alpha parameter,vg_alpha,1/m;1/cm;1/ft;1/in,1/m,float+Estimate,1.6,UnitBox,Material,Input,,>0,E,Van Genuchten ~alpha parameter must be positive
1,Block,Soil,Silt,!,Van Genuchten n parameter,vg_n,!,!,float+Estimate,1.37,TextBox,Material,Input,,>0,E,Van Genuchten n parameter must be positive
1,Block,Soil,Silt Loam,!,Residual Moisture Content (~thetar),theta_r,!,!,float+Estimate,0.067,TextBox,Material,Input,,[0:{theta_s}),E,Residual moisure content must be between zero and ~thetas
1,Block,Soil,Silt Loam,!,Saturated Hydraulic Conductivity,ks,m/day;cm/day;cm/s;mm/s;ft/day;in/day;in/s,m/day,float+Estimate,0.108,UnitBox,Material,Input,,!=0; >=0,W;E,Hydraulic conductivity is zero; Hydraulic conductivity must me non-negative
1,Block,Soil,Silt Loam,!,Saturated Moisture Content (~thetas),theta_s,!,!,float+Estimate,0.45,TextBox,Material,Input,,(0:1],E,Saturation moisure content must be between zero and one
1,Block,Soil,Silt Loam,!,Van Genuchten ~alpha parameter,vg_alpha,1/m;1/cm;1/ft;1/in,1/m,float+Estimate,2,UnitBox,Material,Input,,>0,E,Van Genuchten ~alpha parameter must be positive
1,Block,Soil,Silt Loam,!,Van Genuchten n parameter,vg_n,!,!,float+Estimate,1.41,TextBox,Material,Input,,>0,E,Van Genuchten n parameter must be positive
1,Block,Soil,Sandy Clay Loam,!,Residual Moisture Content (~thetar),theta_r,!,!,float+Estimate,0.1,TextBox,Material,Input,,[0:{theta_s}),E,Residual moisure content must be between zero and ~thetas
1,Block,Soil,Sandy Clay Loam,!,Saturated Hydraulic Conductivity,ks,m/day;cm/day;cm/s;mm/s;ft/day;in/day;in/s,m/day,float+Estimate,0.3144,UnitBox,Material,Input,,!=0; >=0,W;E,Hydraulic conductivity is zero; Hydraulic conductivity must me non-negative
1,Block,Soil,Sandy Clay Loam,!,Saturated Moisture Content (~thetas),theta_s,!,!,float+Estimate,0.39,TextBox,Material,Input,,(0:1],E,Saturation moisure content must be between zero and one
1,Block,Soil,Sandy Clay Loam,!,Van Genuchten ~alpha parameter,vg_alpha,1/m;1/cm;1/ft;1/in,1/m,float+Estimate,5.9,UnitBox,Material,Input,,>0,E,Van Genuchten ~alpha parameter must be positive
1,Block,Soil,Sandy Clay Loam,!,Van Genuchten n parameter,vg_n,!,!,float+Estimate,1.48,TextBox,Material,Input,,>0,E,Van Genuchten n parameter must be positive
1,Block,Soil,Clay Loam,!,Residual Moisture Content (~thetar),theta_r,!,!,float+Estimate,0.095,TextBox,Material,Input,,[0:{theta_s}),E,Residual moisure content must be between zero and ~thetas
1,Block,Soil,Clay Loam,!,Saturated Hydraulic Conductivity,ks,m/day;cm/day;cm/s;mm/s;ft/day;in/day;in/s,m/day,float+Estimate,0.0624,UnitBox,Material,Input,,!=0; >=0,W;E,Hydraulic conductivity is zero; Hydraulic conductivity must me non-negative
1,Block,Soil,Clay Loam,!,Saturated Moisture Content (~thetas),theta_s,!,!,float+Estimate,0.41,TextBox,Material,Input,,(0:1],E,Saturation moisure content must be between zero and one
1,Block,Soil,Clay Loam,!,Van Genuchten ~alpha parameter,vg_alpha,1/m;1/cm;1/ft;1/in,1/m,float+Estimate,1.9,UnitBox,Material,Input,,>0,E,Van Genuchten ~alpha parameter must be positive
1,Block,Soil,Clay Loam,!,Van Genuchten n parameter,vg_n,!,!,float+Estimate,0.131,TextBox,Material,Input,,>0,E,Van Genuchten n parameter must be positive
1,Block,Soil,Silty Clay Loam,!,Residual Moisture Content (~thetar),theta_r,!,!,float+Estimate,0.089,TextBox,Material,Input,,[0:{theta_s}),E,Residual moisure content must be between zero and ~thetas
1,Block,Soil,Silty Clay Loam,!,Saturated Hydraulic Conductivity,ks,m/day;cm/day;cm/s;mm/s;ft/day;in/day;in/s,m/day,float+Estimate,0.0168,UnitBox,Material,Input,,!=0; >=0,W;E,Hydraulic conductivity is zero; Hydraulic conductivity must me non-negative
1,Block,Soil,Silty Clay Loam,!,Saturated Moisture Content (~thetas),theta_s,!,!,float+Estimate,0.43,TextBox,Material,Input,,(0:1],E,Saturation moisure content must be between zero and one
1,Block,Soil,Silty Clay Loam,!,Van Genuchten ~alpha parameter,vg_alpha,1/m;1/cm;1/ft;1/in,1/m,float+Estimate,1,UnitBox,Material,Input,,>0,E,Van Genuchten ~alpha parameter must be positive
1,Block,Soil,Silty Clay Loam,!,Van Genuchten n parameter,vg_n,!,!,float+Estimate,1.23,TextBox,Material,Input,,>0,E,Van Genuchten n parameter must be positive
1,Block,Soil,Sandy Clay,!,Residual Moisture Content (~thetar),theta_r,!,!,float+Estimate,0.1,TextBox,Material,Input,,[0:{theta_s}),E,Residual moisure content must be between zero and ~thetas
1,Block,Soil,Sandy Clay,!,Saturated Hydraulic Conductivity,ks,m/day;cm/day;cm/s;mm/s;ft/day;in/day;in/s,m/day,float+Estimate,0.0288,UnitBox,Material,Input,,!=0; >=0,W;E,Hydraulic conductivity is zero; Hydraulic conductivity must me non-negative
1,Block,Soil,Sandy Clay,!,Saturated Moisture Content (~thetas),theta_s,!,!,float+Estimate,0.38,TextBox,Material,Input,,(0:1],E,Saturation moisure content must be between zero and one
1,Block,Soil,Sandy Clay,!,Van Genuchten ~alpha parameter,vg_alpha,1/m;1/cm;1/ft;1/in,1/m,float+Estimate,2.7,UnitBox,Material,Input,,>0,E,Van Genuchten ~alpha parameter must be positive
1,Block,Soil,Sandy Clay,!,Van Genuchten n parameter,vg_n,!,!,float+Estimate,1.23,TextBox,Material,Input,,>0,E,Van Genuchten n parameter must be positive
1,Block,Soil,Silty Clay,!,Residual Moisture Content (~thetar),theta_r,!,!,float+Estimate,0.07,TextBox,Material,Input,,[0:{theta_s}),E,Residual moisure content must be between zero and ~thetas
1,Block,Soil,Silty Clay,!,Saturated Hydraulic Conductivity,ks,m/day;cm/day;cm/s;mm/s;ft/day;in/day;in/s,m/day,float+Estimate,0.0048,UnitBox,Material,Input,,!=0; >=0,W;E,Hydraulic conductivity is zero; Hydraulic conductivity must me non-negative
1,Block,Soil,Silty Clay,!,Saturated Moisture Content (~thetas),theta_s,!,!,float+Estimate,0.36,TextBox,Material,Input,,(0:1],E,Saturation moisure content must be between zero and one
1,Block,Soil,Silty Clay,!,Van Genuchten ~alpha parameter,vg_alpha,1/m;1/cm;1/ft;1/in,1/m,float+Estimate,0.5,UnitBox,Material,Input,,>0,E,Van Genuchten ~alpha parameter must be positive
1,Block,Soil,Silty Clay,!,Van Genuchten n parameter,vg_n,!,!,float+Estimate,1.09,TextBox,Material,Input,,>0,E,Van Genuchten n parameter must be positive
1,Block,Soil,Clay,!,Residual Moisture Content (~thetar),theta_r,!,!,float+Estimate,0.068,TextBox,Material,Input,,[0:{theta_s}),E,Residual moisure content must be between zero and ~thetas
1,Block,Soil,Clay,!,Saturated Hydraulic Conductivity,ks,m/day;cm/day;cm/s;mm/s;ft/day;in/day;in/s,m/day,float+Estimate,0.048,UnitBox,Material,Input,,!=0; >=0,W;E,Hydraulic conductivity is zero; Hydraulic conductivity must me non-negative
1,Block,Soil,Clay,!,Saturated Moisture Content (~thetas),theta_s,!,!,float+Estimate,0.38,TextBox,Material,Input,,(0:1],E,Saturation moisure content must be between zero and one
1,Block,Soil,Clay,!,Van Genuchten ~alpha parameter,vg_alpha,1/m;1/cm;1/ft;1/in,1/m,float+Estimate,0.8,UnitBox,Material,Input,,>0,E,Van Genuchten ~alpha parameter must be positive
1,Block,Soil,Clay,!,Van Genuchten n parameter,vg_n,!,!,float+Estimate,1.09,TextBox,Material,Input,,>0,E,Van Genuchten n parameter must be positive
1,Block,Pond,Pond,!,Manning's roughness coefficient,nmanning,s/~^3~radicm,day/~^3~radicm,float+Estimate,!,UnitBox,Material,Input,,>0,W,Manning's roughness coefficient must be positive
1,Block,Pond,Pond,!,Width,width,m;cm;ft;in,m,float+Estimate,!,UnitBox,Geometry,Input,,!=0; >=0,W;W,Width is assigned to be zero; Width must be positive and non-zero
1,Block,Catchment,Catchment,!,Width,width,m;cm;ft;in,m,float+Estimate,!,UnitBox,Geometry,Input,,!=0; >=0,W;W,Width is assigned to be zero; Width must be positive and non-zero
1,Entity,Evapotranspiration,Priestley-Taylor,,Coefficient,coefficient,!,!,string,!,TextBox,Global,Input,,!=0;>0,W;E,Coefficient is zero;Coefficient must be non-negative
1,Entity,Evapotranspiration,Priestley-Taylor,,Psychrometric Constant,psychrometric_constant,Pa/~degreeC,Pa/~degreeC,string,66.8,UnitBox,Global,Select,,>0,E,Psychrometric constant must be non-negative
1,Entity,Evapotranspiration,Combined,,Wind Coefficient,coefficient,!,!,string,!,TextBox,Global,Select,,!=0;>0,W;E,Coefficient is zero;Coefficient must be non-negative
1,Entity,Evapotranspiration,Combined,,Light Coefficient,coefficient_light,!,!,string,!,TextBox,Global,Select,,!=0;>0,W;E,Coefficient is zero;Coefficient must be non-negative
1,Entity,Evapotranspiration,Combined,,Psychrometric Constant,psychrometric_constant,Pa/~degreeC,Pa/~degreeC,string,66.8,UnitBox,Global,Select,,>0,E,Psychrometric constant must be non-negative
